{
  "model_fits": {
    "brownian": {
      "amplitude": 0.0011291733979454676,
      "hurst": 0.5,
      "r_squared": -44.74989407383953,
      "aic": -75.99001634111046
    },
    "fbm": {
      "amplitude": 0.057188334616325845,
      "hurst": 0.03749013401732605,
      "r_squared": 0.6017498115534614,
      "aic": -130.91638834189237
    },
    "ou": {
      "sigma_inf_sq": 0.0779823924727825,
      "theta": 0.08332266919008127,
      "relaxation_time": 6.000767916584218,
      "r_squared": 0.8615991161087285,
      "aic": -143.59950024968174
    }
  },
  "model_selection": {
    "ranking": [],
    "best_model": null
  }
}