{
  "experiment": "stress_test_retrieval",
  "duration_seconds": 294.01169204711914,
  "metrics": {
    "num_trials": 5,
    "num_facts": 20,
    "degradation_detected": "True",
    "ceiling_broken": "True",
    "ceiling_effect": "False",
    "primary_metric": "accuracy",
    "ou_decay_rate": 0.015956875952892396,
    "ou_baseline": 0.9497607083607722,
    "ou_r_squared": 0.9893126296196956,
    "accuracy_ou_decay_rate": 0.015956875952892396,
    "accuracy_ou_r_squared": 0.9893126296196956,
    "mrr_ou_decay_rate": 0.007620096223798576,
    "mrr_ou_baseline": 0.9502627557026302,
    "mrr_ou_r_squared": 0.9844645730029538,
    "mrr_degradation_pct": 0.8702782802098075
  },
  "data": {
    "distractor_counts": [
      50,
      100,
      200,
      500,
      1000,
      10000,
      100000
    ],
    "mean_accuracies": [
      0.9700000000000001,
      0.96,
      0.95,
      0.95,
      0.95,
      0.95,
      0.95
    ],
    "std_accuracies": [
      0.024494897427831806,
      0.020000000000000018,
      0.0,
      0.0,
      0.0,
      0.0,
      0.0
    ],
    "mean_ranks": [
      1.26,
      1.3800000000000001,
      2.02,
      3.4899999999999998,
      6.06,
      50.6,
      504.25
    ],
    "median_ranks": [
      1.0,
      1.0,
      1.0,
      1.0,
      1.0,
      1.0,
      1.0
    ],
    "mean_scores": [
      0.9540000000000001,
      0.952,
      0.95,
      0.95,
      0.95,
      0.95,
      0.95
    ],
    "std_scores": [
      0.004898979485566361,
      0.0040000000000000036,
      0.0,
      0.0,
      0.0,
      0.0,
      0.0
    ],
    "mean_mrr": [
      0.958345238095238,
      0.9565202020202019,
      0.9523586263088551,
      0.9509914083410325,
      0.950490234588815,
      0.9500503959914829,
      0.9500049676386702
    ],
    "std_mrr": [
      0.0015041514735320866,
      0.0022700545451588244,
      0.0002307770105223959,
      8.565348197330754e-05,
      2.2291524327380054e-05,
      1.4789547786433387e-06,
      4.574383798588356e-08
    ],
    "accuracy_fit": {
      "amplitude": 0.045606697520833954,
      "decay_rate": 0.015956875952892396,
      "baseline": 0.9497607083607722,
      "r_squared": 0.9893126296196956,
      "model": "exponential_decay"
    },
    "mrr_fit": {
      "amplitude": 0.012170666949959559,
      "decay_rate": 0.007620096223798576,
      "baseline": 0.9502627557026302,
      "r_squared": 0.9844645730029538,
      "model": "exponential_decay"
    },
    "power_law_fit": {
      "amplitude": 0.9667173441112138,
      "exponent": -0.0019051952518593046,
      "r_squared": 0.39480358871445365
    }
  }
}