{
  "model_fits": {
    "brownian": {
      "amplitude": 0.0015489183727356891,
      "hurst": 0.5,
      "r_squared": -6.1457415793316095,
      "aic": -109.60285806323543
    },
    "fbm": {
      "amplitude": 0.050436435872905465,
      "hurst": 0.090809129654307,
      "r_squared": 0.675574558906562,
      "aic": -163.26274841600053
    },
    "ou": {
      "sigma_inf_sq": 0.10855769549896996,
      "theta": 0.047236185886214165,
      "relaxation_time": 10.585105266636791,
      "r_squared": 0.6716542652825568,
      "aic": -163.0465436072254
    }
  },
  "model_selection": {
    "ranking": [],
    "best_model": null
  }
}