{
  "experiment": "lost_in_middle_protocol",
  "duration_seconds": 131.3653531074524,
  "metrics": {
    "num_documents": 20,
    "num_trials": 3,
    "num_qa_pairs": 10,
    "total_evaluations": 210,
    "accuracy_beginning": 1.0,
    "accuracy_middle": 1.0,
    "accuracy_end": 0.9666666666666667,
    "overall_accuracy": 0.9952380952380953,
    "u_curve_detected": false,
    "middle_degradation": -0.016666666666666607,
    "u_curve_depth": -0.01694915254237282,
    "position_variance_correlation": 0.5196746370519364,
    "min_accuracy_position": "end"
  },
  "data": {
    "position_labels": [
      "beginning",
      "10%",
      "25%",
      "50%",
      "75%",
      "90%",
      "end"
    ],
    "position_fractions": [
      0.0,
      0.1,
      0.25,
      0.5,
      0.75,
      0.9,
      1.0
    ],
    "accuracy_by_position": {
      "beginning": {
        "mean": 1.0,
        "std": 0.0,
        "n": 30,
        "ci_95": 0.0,
        "correct_count": 30
      },
      "10%": {
        "mean": 1.0,
        "std": 0.0,
        "n": 30,
        "ci_95": 0.0,
        "correct_count": 30
      },
      "25%": {
        "mean": 1.0,
        "std": 0.0,
        "n": 30,
        "ci_95": 0.0,
        "correct_count": 30
      },
      "50%": {
        "mean": 1.0,
        "std": 0.0,
        "n": 30,
        "ci_95": 0.0,
        "correct_count": 30
      },
      "75%": {
        "mean": 1.0,
        "std": 0.0,
        "n": 30,
        "ci_95": 0.0,
        "correct_count": 30
      },
      "90%": {
        "mean": 1.0,
        "std": 0.0,
        "n": 30,
        "ci_95": 0.0,
        "correct_count": 30
      },
      "end": {
        "mean": 0.9666666666666667,
        "std": 0.17950549357115012,
        "n": 30,
        "ci_95": 0.0642352159096781,
        "correct_count": 29
      }
    },
    "analysis": {
      "overall_accuracy": 0.9952380952380953,
      "edge_accuracy": 0.9833333333333334,
      "middle_accuracy": 1.0,
      "u_curve_detected": false,
      "middle_degradation": -0.016666666666666607,
      "u_curve_depth": -0.01694915254237282,
      "min_accuracy_position": "end",
      "position_variance_correlation": 0.5196746370519364,
      "position_variance_p_value": 0.23190610290195132,
      "ou_accuracy_correlation": 0.16666678564328843,
      "ou_accuracy_p_value": 0.7209710084494075,
      "theoretical_ou_variance": [
        0.9999999994,
        0.9999999993623423,
        0.9999996934977733,
        0.0,
        0.9999996934977733,
        0.9999999993623423,
        0.9999999994
      ],
      "edge_distances": [
        0.0,
        0.1,
        0.25,
        0.5,
        0.25,
        0.09999999999999998,
        0.0
      ]
    }
  }
}