{
  "section3": {
    "3.2_alignment_decay": {
      "trials": [
        {
          "trial": 0,
          "context_lengths": [
            259,
            296,
            355,
            415,
            471,
            527,
            591,
            656,
            709,
            769,
            830,
            867,
            926,
            986,
            1042,
            1098,
            1162,
            1227,
            1280,
            1340,
            1401,
            1438,
            1497,
            1557,
            1613,
            1669,
            1733,
            1798,
            1851,
            1911,
            1972,
            2009,
            2068,
            2128,
            2184,
            2240,
            2304,
            2369,
            2422,
            2482,
            2543
          ],
          "alignments": [
            0.9468784681288515,
            0.8558100530534841,
            0.8655580259334854,
            0.844105192357642,
            0.8399650824380532,
            0.8341175192978705,
            0.8184947743042218,
            0.8144841062403595,
            0.8022794830238457,
            0.7935639426944819,
            0.7805807146818607,
            0.75300168001599,
            0.7450464648020757,
            0.722881375011369,
            0.7117927575477586,
            0.7008897027853593,
            0.6867758130882904,
            0.6896227119100005,
            0.6832309374235787,
            0.670794912260999,
            0.6678151048531245,
            0.6613663146402415,
            0.65884184836509,
            0.6504760944469077,
            0.6384371154324568,
            0.63675096620921,
            0.6224891915970965,
            0.6201437056837481,
            0.614390849459867,
            0.6056399049762841,
            0.6015157604593938,
            0.591980888097391,
            0.5874724030858534,
            0.5814233313657468,
            0.5720677915408456,
            0.5666628530387859,
            0.5559619422336286,
            0.5550037768706909,
            0.5520762154135367,
            0.5494620295931884,
            0.5408035433606482
          ],
          "fitted_beta": 0.2393123894261968,
          "r_squared": 0.9483127452370405
        },
        {
          "trial": 1,
          "context_lengths": [
            259,
            296,
            355,
            415,
            471,
            527,
            591,
            656,
            709,
            769,
            830,
            867,
            926,
            986,
            1042,
            1098,
            1162,
            1227,
            1280,
            1340,
            1401,
            1438,
            1497,
            1557,
            1613,
            1669,
            1733,
            1798,
            1851,
            1911,
            1972,
            2009,
            2068,
            2128,
            2184,
            2240,
            2304,
            2369,
            2422,
            2482,
            2543
          ],
          "alignments": [
            0.9468784681288515,
            0.8558100530534841,
            0.8655580259334854,
            0.844105192357642,
            0.8399650824380532,
            0.8341175192978705,
            0.8184947743042218,
            0.8144841062403595,
            0.8022794830238457,
            0.7935639426944819,
            0.7805807146818607,
            0.75300168001599,
            0.7450464648020757,
            0.722881375011369,
            0.7117927575477586,
            0.7008897027853593,
            0.6867758130882904,
            0.6896227119100005,
            0.6832309374235787,
            0.670794912260999,
            0.6678151048531245,
            0.6613663146402415,
            0.65884184836509,
            0.6504760944469077,
            0.6384371154324568,
            0.63675096620921,
            0.6224891915970965,
            0.6201437056837481,
            0.614390849459867,
            0.6056399049762841,
            0.6015157604593938,
            0.591980888097391,
            0.5874724030858534,
            0.5814233313657468,
            0.5720677915408456,
            0.5666628530387859,
            0.5559619422336286,
            0.5550037768706909,
            0.5520762154135367,
            0.5494620295931884,
            0.5408035433606482
          ],
          "fitted_beta": 0.2393123894261968,
          "r_squared": 0.9483127452370405
        },
        {
          "trial": 2,
          "context_lengths": [
            259,
            296,
            355,
            415,
            471,
            527,
            591,
            656,
            709,
            769,
            830,
            867,
            926,
            986,
            1042,
            1098,
            1162,
            1227,
            1280,
            1340,
            1401,
            1438,
            1497,
            1557,
            1613,
            1669,
            1733,
            1798,
            1851,
            1911,
            1972,
            2009,
            2068,
            2128,
            2184,
            2240,
            2304,
            2369,
            2422,
            2482,
            2543
          ],
          "alignments": [
            0.9468784681288515,
            0.8558100530534841,
            0.8655580259334854,
            0.844105192357642,
            0.8399650824380532,
            0.8341175192978705,
            0.8184947743042218,
            0.8144841062403595,
            0.8022794830238457,
            0.7935639426944819,
            0.7805807146818607,
            0.75300168001599,
            0.7450464648020757,
            0.722881375011369,
            0.7117927575477586,
            0.7008897027853593,
            0.6867758130882904,
            0.6896227119100005,
            0.6832309374235787,
            0.670794912260999,
            0.6678151048531245,
            0.6613663146402415,
            0.65884184836509,
            0.6504760944469077,
            0.6384371154324568,
            0.63675096620921,
            0.6224891915970965,
            0.6201437056837481,
            0.614390849459867,
            0.6056399049762841,
            0.6015157604593938,
            0.591980888097391,
            0.5874724030858534,
            0.5814233313657468,
            0.5720677915408456,
            0.5666628530387859,
            0.5559619422336286,
            0.5550037768706909,
            0.5520762154135367,
            0.5494620295931884,
            0.5408035433606482
          ],
          "fitted_beta": 0.2393123894261968,
          "r_squared": 0.9483127452370405
        }
      ],
      "aggregated": {
        "mean_beta": 0.2393123894261968,
        "std_beta": 0.0,
        "num_trials": 3
      }
    },
    "3.4_memory_retrieval": {
      "trials": [
        {
          "trial": 0,
          "retrieval_rate": 1.0,
          "mean_score": 0.9666666666666666,
          "decay_exponent": -0.04572115640441833
        },
        {
          "trial": 1,
          "retrieval_rate": 1.0,
          "mean_score": 0.9625,
          "decay_exponent": -0.05769367588648343
        },
        {
          "trial": 2,
          "retrieval_rate": 1.0,
          "mean_score": 0.9666666666666666,
          "decay_exponent": -0.04572115640441833
        }
      ],
      "aggregated": {
        "mean_retrieval_rate": 1.0,
        "std_retrieval_rate": 0.0,
        "num_trials": 3
      }
    },
    "3.3_loss_scaling": {
      "trials": [
        {
          "trial": 0,
          "context_lengths": [
            100,
            200,
            500,
            1000,
            2000
          ],
          "mean_losses": [
            0.1990962820379559,
            0.18391818132908366,
            0.18663223952363134,
            0.16848490428169813,
            0.21475466550429778
          ],